<?xml version="1.0"?>
<doc>
    <assembly>
        <name>SonsSdk</name>
    </assembly>
    <members>
        <member name="T:SonsSdk.AssetLoaders">
            <summary>
            Utilities for addressables
            </summary>
        </member>
        <member name="M:SonsSdk.AssetLoaders.LoadPrefab(System.String)">
            <summary>
            Load a gameobject from addressables
            </summary>
            <param name="name"></param>
            <returns></returns>
        </member>
        <member name="M:SonsSdk.AssetLoaders.InstantiatePrefab(System.String)">
            <summary>
            Load and instantiate a gameobject from addressables
            </summary>
            <param name="name"></param>
            <returns></returns>
        </member>
        <member name="M:SonsSdk.CommonExtensions.FindGet``1(UnityEngine.GameObject,System.String)">
            <summary>
            Gets a transform by path and return a component on it
            </summary>
            <param name="go"></param>
            <param name="name">The path of the transform to get</param>
            <typeparam name="T">The type of the component to get</typeparam>
            <returns></returns>
        </member>
        <member name="P:SonsSdk.ManifestData.Id">
            <summary>
            Unique id of the mod
            </summary>
        </member>
        <member name="P:SonsSdk.ManifestData.Name">
            <summary>
            Name of the mod
            </summary>
        </member>
        <member name="P:SonsSdk.ManifestData.Author">
            <summary>
            Author of the mod
            </summary>
        </member>
        <member name="P:SonsSdk.ManifestData.Version">
            <summary>
            Version of the mod
            </summary>
        </member>
        <member name="P:SonsSdk.ManifestData.Description">
            <summary>
            Description of the mod
            </summary>
        </member>
        <member name="P:SonsSdk.ManifestData.GameVersion">
            <summary>
            Game version the mod is compatible with
            </summary>
        </member>
        <member name="P:SonsSdk.ManifestData.Platform">
            <summary>
            Where this mod is able to run. Possible values: "Client", "Server", "Universal".
            </summary>
        </member>
        <member name="P:SonsSdk.ManifestData.Dependencies">
            <summary>
            Optional. List of dependencies of the mod
            </summary>
        </member>
        <member name="P:SonsSdk.ManifestData.LogColor">
            <summary>
            Optional. The hex string color in which the mod's name will be displayed in the console
            </summary>
            <example>#ffffff</example>
        </member>
        <member name="P:SonsSdk.ManifestData.DontApplyPatches">
            <summary>
            Optional. If the mods harmony patches shouldn't be applied automatically
            </summary>
        </member>
        <member name="P:SonsSdk.ManifestData.Url">
            <summary>
            Optional. Download url of the mod.
            </summary>
        </member>
        <member name="P:SonsSdk.ManifestData.Priority">
            <summary>
            Optional. Priority of the mod.
            </summary>
        </member>
        <member name="M:SonsSdk.SonsMod.OnSceneWasLoaded(System.Int32,System.String)">
            <summary>
                Runs when a new Scene is loaded.
            </summary>
        </member>
        <member name="M:SonsSdk.SonsMod.OnSceneWasInitialized(System.Int32,System.String)">
            <summary>
                Runs once a Scene is initialized.
            </summary>
        </member>
        <member name="M:SonsSdk.SonsMod.OnSceneWasUnloaded(System.Int32,System.String)">
            <summary>
                Runs once a Scene unloads.
            </summary>
        </member>
        <member name="M:SonsSdk.SonsMod.OnGameStart">
            <summary>
            Runs when the game scene is loaded (right before the player gains control).
            </summary>
        </member>
        <member name="M:SonsSdk.SonsMod.OnSdkInitialized">
            <summary>
            Runs when the SDK is fully initialized. SDK usage like creation of custom UI should be done here.
            </summary>
        </member>
        <member name="M:SonsSdk.SonsMod.OnSonsSceneInitialized(SonsSdk.SdkEvents.ESonsScene)">
            <summary>
            Runs when a scene is initialized. But with an enum parameter to check for sons scenes.
            </summary>
            <param name="sonsScene"></param>
        </member>
        <member name="M:SonsSdk.SonsTools.ShowMessage(System.String,System.Single)">
            <summary>
            Show a message in the bottom left corner of the screen for a certain duration.
            </summary>
            <param name="message"></param>
            <param name="duration"></param>
        </member>
        <member name="M:SonsSdk.SonsTools.MenuMode(System.Boolean)">
            <summary>
            Toggle menu mode. Stops all keyboard inputs and shows the cursor.
            </summary>
            <param name="enable"></param>
        </member>
        <member name="M:SonsSdk.SonsTools.GetPositionInFrontOfPlayer(System.Single)">
            <summary>
            Get a vector3 position in from of the player
            </summary>
            <param name="distance"></param>
            <returns></returns>
        </member>
        <member name="M:SonsSdk.SonsTools.GetPositionInFrontOfPlayer(System.Single,System.Single)">
            <summary>
            Get a vector3 position in from of the player
            </summary>
            <param name="distance"></param>
            <param name="height"></param>
            <returns></returns>
        </member>
        <member name="M:SUI.SContainerOptions.BindVisibility(SUI.Observable{System.Boolean},System.Boolean)">
            <summary>
            Binds the visibility of the container to an observable boolean value.
            </summary>
            <param name="observable">The observable boolean value to bind to.</param>
            <param name="toggleGameObject">Whether to toggle the GameObject's active state based on the observable value or the canvasgroup alpha.</param>
        </member>
        <member name="M:SUI.SContainerOptions.Horizontal(System.Single,System.String)">
            <summary>
            Configures the container's layout as horizontal with optional spacing and layout mode.
            </summary>
            <param name="spacing">Optional. The amount of spacing between elements.</param>
            <param name="mode">Optional. The layout mode to apply (e.g., flexible, fixed, etc.).</param>
        </member>
        <member name="M:SUI.SContainerOptions.Vertical(System.Single,System.String)">
            <summary>
            Configures the container's layout as vertical with optional spacing and layout mode.
            </summary>
            <param name="spacing">Optional. The amount of spacing between elements.</param>
            <param name="mode">Optional. The layout mode to apply (e.g., flexible, fixed, etc.).</param>
        </member>
        <member name="M:SUI.SContainerOptions.LayoutChildAlignment(UnityEngine.TextAnchor)">
            <summary>
            Sets the alignment of child elements within the container's horizontal or vertical layout.
            </summary>
            <param name="alignment">The alignment for child elements.</param>
        </member>
        <member name="M:SUI.SContainerOptions.ChildControl(System.Nullable{System.Boolean},System.Nullable{System.Boolean})">
            <summary>
            Configures whether child elements in the container's horizontal or vertical layout should control their width and/or height.
            </summary>
            <param name="width">Optional. Set to true to enable child width control, false to disable. Set to null to keep the current setting.</param>
            <param name="height">Optional. Set to true to enable child height control, false to disable. Set to null to keep the current setting.</param>
        </member>
        <member name="M:SUI.SContainerOptions.ChildExpand(System.Nullable{System.Boolean},System.Nullable{System.Boolean})">
            <summary>
            Configures whether child elements in the container's horizontal or vertical layout should expand to fill available space.
            </summary>
            <param name="width">Optional. Set to true to enable child width expansion, false to disable. Set to null to keep the current setting.</param>
            <param name="height">Optional. Set to true to enable child height expansion, false to disable. Set to null to keep the current setting.</param>
        </member>
        <member name="M:SUI.SContainerOptions.LayoutUseChildScale(System.Nullable{System.Boolean},System.Nullable{System.Boolean})">
            <summary>
            Configures whether child elements in the container's horizontal or vertical layout should use child scale settings.
            </summary>
            <param name="width">Optional. Set to true to enable child width scaling, false to disable. Set to null to keep the current setting.</param>
            <param name="height">Optional. Set to true to enable child height scaling, false to disable. Set to null to keep the current setting.</param>
        </member>
        <member name="M:SUI.SContainerOptions.LayoutMode(System.String)">
            <summary>
            E = Expand, C = Control.
            First letter is width, second is height
            </summary>
            <param name="mode"></param>
        </member>
        <member name="M:SUI.SContainerOptions.Spacing(System.Single)">
            <summary>
            Sets the spacing between elements in the container's horizontal or vertical layout.
            </summary>
            <param name="spacing">The amount of spacing between elements.</param>
        </member>
        <member name="M:SUI.SContainerOptions.Spacing(System.Single,System.Single)">
            <summary>
            Sets the spacing between rows and columns in the container's grid layout.
            </summary>
            <param name="spacingRow">The amount of spacing between rows.</param>
            <param name="spacingCol">The amount of spacing between columns.</param>
        </member>
        <member name="M:SUI.SContainerOptions.Padding(System.Single)">
            <summary>
            Sets equal padding for all sides of the container's layout.
            </summary>
            <param name="padding">The amount of padding to apply on all sides.</param>
        </member>
        <member name="M:SUI.SContainerOptions.Padding(System.Single,System.Single,System.Single,System.Single)">
            <summary>
            Sets padding for the container's layout on all sides individually.
            </summary>
            <param name="left">The amount of padding for the left side.</param>
            <param name="right">The amount of padding for the right side.</param>
            <param name="top">The amount of padding for the top side.</param>
            <param name="bottom">The amount of padding for the bottom side.</param>
        </member>
        <member name="M:SUI.SContainerOptions.PaddingHorizontal(System.Single)">
            <summary>
            Sets horizontal padding for the container's layout.
            </summary>
            <param name="padding">The amount of horizontal padding to apply.</param>
        </member>
        <member name="M:SUI.SContainerOptions.PaddingVertical(System.Single)">
            <summary>
            Sets vertical padding for the container's layout.
            </summary>
            <param name="padding">The amount of vertical padding to apply.</param>
        </member>
        <member name="M:SUI.SContainerOptions.Grid(System.Int32,System.Single)">
            <summary>
            Creates a grid layout with the given constraint count and spacing.
            </summary>
            <param name="constraintCount">Number of the fixed rows or columns</param>
            <param name="spacing"></param>
        </member>
        <member name="M:SUI.SContainerOptions.CellSize(System.Single,System.Single)">
            <summary>
            Sets the cell size of the GridLayoutGroup attached to the root object.
            </summary>
            <param name="width">Width of the cell.</param>
            <param name="height">Height of the cell.</param>
        </member>
        <member name="M:SUI.SContainerOptions.AutoSize(UnityEngine.UI.ContentSizeFitter.FitMode,UnityEngine.UI.ContentSizeFitter.FitMode)">
            <summary>
            Configures automatic sizing for the container using ContentSizeFitter.
            </summary>
            <param name="horizontal">The horizontal fitting mode for content.</param>
            <param name="vertical">The vertical fitting mode for content.</param>
        </member>
        <member name="M:SUI.SContainerOptions.AutoSize(System.String)">
            <summary>
            M = MinSize, P = PreferredSize.
            First letter is width, second is height
            </summary>
            <param name="mode"></param>
            <returns></returns>
            <exception cref="T:System.Exception"></exception>
        </member>
        <member name="M:SUI.SContainerOptions.Background(UnityEngine.Color,SUI.EBackground)">
            <summary>
            Sets the background appearance of the container using a solid color and an optional background sprite.
            </summary>
            <param name="color">The desired background color.</param>
            <param name="clean">Flag to determine if the background sprite should be removed (optional).</param>
        </member>
        <member name="M:SUI.SContainerOptions.Background(UnityEngine.Sprite,System.Nullable{UnityEngine.Color},UnityEngine.UI.Image.Type)">
            <summary>
            Sets the background appearance of the container using a solid color and an optional background sprite.
            </summary>
            <param name="sprite"></param>
            <param name="color">The desired background color.</param>
            <param name="type"></param>
        </member>
        <member name="M:SUI.SContainerOptions.OverrideSorting(System.Int32)">
            <summary>
            Gets or adds a canvas and overrides the sorting order of the parent canvas.
            </summary>
            <param name="sortingOrder"></param>
            <returns></returns>
        </member>
        <member name="M:SUI.SUI.RegisterNewPanel(System.String,System.Boolean)">
            <summary>
            Creates a new panel and registers it to the sui system.
            </summary>
            <param name="id">The id by which you can manage the panel later. Needs to be unique</param>
            <param name="enableInput">If true enables the mouse and disables game keyboard input once the panel is showing</param>
            <returns></returns>
        </member>
        <member name="M:SUI.SUiElement`1.BindVisibility(SUI.Observable{System.Boolean})">
            <summary>
            Binds the visibility of the container to an observable boolean value.
            </summary>
            <param name="observable">The observable boolean value to bind to.</param>
        </member>
        <member name="M:SUI.SUiElement`1.UnbindVisibility">
            <summary>
            Unbinds the visibility of the container from any previously bound observable.
            </summary>
        </member>
        <member name="M:SUI.SUiElement`1.Text(System.String)">
            <summary>
            Set the text of the main text object
            </summary>
            <param name="text"></param>
            <returns></returns>
        </member>
        <member name="M:SUI.SUiElement`1.RichText(System.String)">
            <summary>
            Set the text of the main text object as rich text
            </summary>
            <param name="text"></param>
            <returns></returns>
        </member>
        <member name="M:SUI.SUiElement`1.FontSize(System.Int32)">
            <summary>
            Set the font size of the main text object
            </summary>
            <param name="size"></param>
            <returns></returns>
        </member>
        <member name="M:SUI.SUiElement`1.FontAutoSize(System.Boolean)">
            <summary>
            Toggle auto sizing of the main text object
            </summary>
            <param name="enabled"></param>
            <returns></returns>
        </member>
        <member name="M:SUI.SUiElement`1.FontColor(UnityEngine.Color)">
            <summary>
            Set the font color of the main text object
            </summary>
            <param name="color"></param>
            <returns></returns>
        </member>
        <member name="M:SUI.SUiElement`1.Find``1(System.String)">
            <summary>
            Finds a child object and returns it as a SUiElement
            </summary>
            <param name="path"></param>
            <typeparam name="TObj"></typeparam>
            <returns></returns>
        </member>
        <member name="M:SUI.SUiElement`1.MinOffset(System.Nullable{System.Int32},System.Nullable{System.Int32})">
            <summary>
            Set the minimum offset of the rect transform
            </summary>
            <param name="x"></param>
            <param name="y"></param>
            <returns></returns>
        </member>
        <member name="M:SUI.SUiElement`1.MaxOffset(System.Nullable{System.Int32},System.Nullable{System.Int32})">
            <summary>
            Set the maximum offset of the rect transform
            </summary>
            <param name="x"></param>
            <param name="y"></param>
            <returns></returns>
        </member>
        <member name="M:SUI.SUiElement`1.Size(System.Nullable{System.Single},System.Nullable{System.Single})">
            <summary>
            Set the size delta of the rect transform
            </summary>
            <param name="width"></param>
            <param name="height"></param>
            <returns></returns>
        </member>
        <member name="M:SUI.SUiElement`1.Size(UnityEngine.Vector2)">
            <summary>
            Set the size delta of the rect transform
            </summary>
            <param name="size"></param>
            <returns></returns>
        </member>
        <member name="M:SUI.SUiElement`1.Position(System.Nullable{System.Single},System.Nullable{System.Single})">
            <summary>
            Set the anchor position of the rect transform
            </summary>
            <param name="x"></param>
            <param name="y"></param>
            <returns></returns>
        </member>
        <member name="M:SUI.SUiElement`1.Width(System.Single)">
            <summary>
            Set the size delta width of the rect transform
            </summary>
            <param name="width"></param>
            <returns></returns>
        </member>
        <member name="M:SUI.SUiElement`1.Height(System.Single)">
            <summary>
            Set the size delta height of the rect transform
            </summary>
            <param name="height"></param>
            <returns></returns>
        </member>
        <member name="M:SUI.SUiElement`1.PHeight(System.Single)">
            <summary>
            Set the preferred height of the layout element
            </summary>
            <param name="height"></param>
            <returns></returns>
        </member>
        <member name="M:SUI.SUiElement`1.PWidth(System.Single)">
            <summary>
            Set the preferred width of the layout element
            </summary>
            <param name="width"></param>
            <returns></returns>
        </member>
        <member name="M:SUI.SUiElement`1.MHeight(System.Single)">
            <summary>
            Set the minimum height of the layout element
            </summary>
            <param name="height"></param>
            <returns></returns>
        </member>
        <member name="M:SUI.SUiElement`1.MWidth(System.Single)">
            <summary>
            Set the minimum width of the layout element
            </summary>
            <param name="width"></param>
            <returns></returns>
        </member>
        <member name="M:SUI.SUiElement`1.RectPadding(System.Single,System.Single,System.Single,System.Single)">
            <summary>
            Set the offsets of the rect transform
            </summary>
            <param name="top"></param>
            <param name="right"></param>
            <param name="bottom"></param>
            <param name="left"></param>
            <returns></returns>
        </member>
        <member name="M:SUI.SUiElement`1.RectPadding(System.Single,System.Single)">
            <summary>
            Set the offsets of the rect transform
            </summary>
            <param name="rightLeft"></param>
            <param name="topBottom"></param>
            <returns></returns>
        </member>
        <member name="M:SUI.SUiElement`1.RectPadding(System.Single)">
            <summary>
            Set the offsets of the rect transform
            </summary>
            <param name="padding"></param>
            <returns></returns>
        </member>
        <member name="M:SUI.SUiElement`1.HFill">
            <summary>
            Sets the anchor and offsets to fill horizontally
            </summary>
            <returns></returns>
        </member>
        <member name="M:SUI.SUiElement`1.VFill">
            <summary>
            Sets the anchor and offsets to fill vertically
            </summary>
            <returns></returns>
        </member>
        <member name="M:SUI.SUiElement`1.HOffset(System.Single,System.Single)">
            <summary>
            Set the horizontal rect offset
            </summary>
            <param name="top"></param>
            <param name="bottom"></param>
            <returns></returns>
        </member>
        <member name="M:SUI.SUiElement`1.VOffset(System.Single,System.Single)">
            <summary>
            Set the vertical rect offset
            </summary>
            <param name="left"></param>
            <param name="right"></param>
            <returns></returns>
        </member>
        <member name="M:SUI.SUiElement`1.Pivot(System.Nullable{System.Single},System.Nullable{System.Single})">
            <summary>
            Set the rect pivot
            </summary>
            <param name="x"></param>
            <param name="y"></param>
            <returns></returns>
        </member>
        <member name="M:SUI.SUiElement`1.AspectRatio(UnityEngine.UI.AspectRatioFitter.AspectMode)">
            <summary>
            Sets the aspect ratio mode for the objects's aspect ratio fitter.
            </summary>
            <param name="mode">The aspect ratio mode to apply.</param>
        </member>
        <member name="M:SUI.SUiElement`1.Anchor(SUI.AnchorType)">
            <summary>
            Set the rect anchor
            </summary>
            <param name="anchorType"></param>
            <returns></returns>
        </member>
        <member name="M:SUI.SUiElement`1.Visible(System.Boolean)">
            <summary>
            Set the visibility of the element (by setting the alpha and blocking raycasts)
            </summary>
            <param name="visible"></param>
            <returns></returns>
        </member>
        <member name="M:SUI.SUiElement`1.Active(System.Boolean)">
            <summary>
            Set the root gameobject to active or inactive
            </summary>
            <param name="active"></param>
            <returns></returns>
        </member>
        <member name="M:SUI.SUiElement`1.Toggle">
            <summary>
            Toggle the root gameobject
            </summary>
            <returns></returns>
        </member>
        <member name="M:SUI.SUiElement`1.OnClick(System.Action)">
            <summary>
            Fire an action when the container is clicked (FOR BUTTONS USE .Notify() INSTEAD)
            </summary>
            <param name="action"></param>
            <returns></returns>
        </member>
        <member name="M:SUI.SUiElement`2.Bind(SUI.Observable{`1})">
            <summary>
            Bind an observable to the element value
            </summary>
            <param name="observable"></param>
            <returns></returns>
        </member>
        <member name="M:SUI.SUiElement`2.Unbind">
            <summary>
            Unbind the current observable from the element value
            </summary>
            <returns></returns>
        </member>
    </members>
</doc>
